,Gm#,Date,Unnamed: 2,Tm,Unnamed: 4,Opp,W/L,R,RA,Inn,W-L,Rank,GB,Win,Loss,Save,Time,D/N,Attendance,cLI,Streak,Orig. Scheduled,Team,Loss?,Losses,Expected Losses
0,1,Friday Mar 28,boxscore,COL,@,TBR,L-wo,2,3,,0-1,5,2.5,Fairbanks,Vodnik,,2:19,D,10046.0,0.86,-,,2025 COL,1,1,1
1,2,Saturday Mar 29,boxscore,COL,@,TBR,W,2,1,,1-1,3,2.5,Peralta,Littell,Halvorsen,2:34,D,10046.0,0.82,+,,2025 COL,0,1,1
2,3,Sunday Mar 30,boxscore,COL,@,TBR,L,4,6,,1-2,5,3.0,Bradley,Peralta,Fairbanks,2:41,D,10046.0,0.89,-,,2025 COL,1,2,2
3,4,Monday Mar 31,boxscore,COL,@,PHI,L,1,6,,1-3,5,4.0,Ross,Alexander,,2:39,D,44595.0,0.85,--,,2025 COL,1,3,3
4,5,Wednesday Apr 2,boxscore,COL,@,PHI,L,1,5,,1-4,5,5.5,Wheeler,Freeland,,2:32,N,37550.0,0.83,---,,2025 COL,1,4,4
5,6,Thursday Apr 3,boxscore,COL,@,PHI,L,1,3,,1-5,5,6.0,Walker,Senzatela,Alvarado,2:43,D,34097.0,0.74,----,,2025 COL,1,5,5
6,7,Friday Apr 4,boxscore,COL,,ATH,L,3,6,11.0,1-6,5,6.0,Murdock,Chivilli,Miller,3:21,D,48015.0,0.67,-----,,2025 COL,1,6,6
7,8,Saturday Apr 5,boxscore,COL,,ATH,L,4,7,,1-7,5,7.0,Sears,Márquez,Miller,2:44,N,27599.0,0.62,------,,2025 COL,1,7,6
8,9,Sunday Apr 6,boxscore,COL,,ATH,W,12,5,,2-7,5,6.0,Dollander,Estes,Vodnik,2:33,D,26207.0,0.57,+,,2025 COL,0,7,6
9,10,Tuesday Apr 8,boxscore,COL,,MIL,L,1,7,,2-8,5,6.0,Peralta,Freeland,,2:36,N,18657.0,0.65,-,,2025 COL,1,8,7
10,11,Wednesday Apr 9,boxscore,COL,,MIL,L,2,17,,2-9,5,7.0,Anderson,Senzatela,,3:06,N,18867.0,0.64,--,,2025 COL,1,9,9
11,12,Thursday Apr 10,boxscore,COL,,MIL,W,7,2,,3-9,5,6.5,Alexander,Payamps,,2:37,D,18593.0,0.54,+,,2025 COL,0,9,9
12,13,Friday Apr 11,boxscore,COL,@,SDP,L,0,8,,3-10,5,7.5,Pivetta,Márquez,,2:07,N,44089.0,0.64,-,,2025 COL,1,10,10
13,14,Saturday Apr 12,boxscore,COL,@,SDP,L,0,2,,3-11,5,8.5,Hart,Dollander,Suarez,2:12,N,44066.0,0.54,--,,2025 COL,1,11,11
14,15,Sunday Apr 13,boxscore,COL,@,SDP,L,0,6,,3-12,5,9.5,King,Freeland,,2:15,D,42706.0,0.53,---,,2025 COL,1,12,12
15,16,Monday Apr 14,boxscore,COL,@,LAD,L,3,5,,3-13,5,10.5,May,Senzatela,Scott,2:49,N,52693.0,0.46,----,,2025 COL,1,13,13
16,17,Tuesday Apr 15,boxscore,COL,@,LAD,L,2,6,,3-14,5,10.5,Dreyer,Feltner,,2:58,N,53198.0,0.39,-----,,2025 COL,1,14,14
17,18,Wednesday Apr 16,boxscore,COL,@,LAD,L,7,8,,3-15,5,11.5,Casparius,Márquez,Scott,2:52,N,52143.0,0.39,------,,2025 COL,1,15,14
18,19,Saturday Apr 19,boxscore,COL,,WSN,L,11,12,,3-16,5,11.0,Gore,Dollander,Finnegan,3:02,D,24606.0,0.3,-------,,2025 COL,1,16,15
19,20,Sunday Apr 20 (1),boxscore,COL,,WSN,L,2,3,,3-17,5,11.5,Irvin,Freeland,Finnegan,2:20,D,24176.0,0.28,--------,,2025 COL,1,17,15
20,21,Sunday Apr 20 (2),boxscore,COL,,WSN,W,3,1,,4-17,5,11.5,Senzatela,Lord,Kinley,2:29,N,18703.0,0.23,+,,2025 COL,0,17,16
21,22,Tuesday Apr 22,boxscore,COL,@,KCR,L-wo,3,4,11.0,4-18,5,12.0,Lynch,Kinley,,2:53,N,14567.0,0.24,-,,2025 COL,1,18,17
22,23,Thursday Apr 24 (1),boxscore,COL,@,KCR,L,4,7,,4-19,5,12.5,Zerpa,Márquez,Estévez,2:28,D,,0.22,--,,2025 COL,1,19,17
23,24,Thursday Apr 24 (2),boxscore,COL,@,KCR,L,2,6,,4-20,5,12.5,Lorenzen,Dollander,,2:36,D,15601.0,0.2,---,,2025 COL,1,20,18
24,25,Friday Apr 25,boxscore,COL,,CIN,L,7,8,,4-21,5,12.5,Ashcraft,Chivilli,Pagán,3:12,N,21743.0,0.19,----,,2025 COL,1,21,19
25,26,Saturday Apr 26,boxscore,COL,,CIN,L,4,6,,4-22,5,13.0,Greene,Senzatela,Pagán,2:47,D,34040.0,0.17,-----,,2025 COL,1,22,19
26,27,Sunday Apr 27,boxscore,COL,,CIN,L,1,8,,4-23,5,14.0,Lodolo,Blalock,,2:35,D,28408.0,0.14,------,,2025 COL,1,23,20
27,1,Thursday Mar 28,boxscore,CHW,,DET,L,0,1,,0-1,4,1.0,Skubal,Crochet,Foley,2:03,D,33420.0,0.99,-,,2024 CHW,1,1,1
28,2,Saturday Mar 30,boxscore,CHW,,DET,L,6,7,10.0,0-2,4,2.5,Miller,García,,3:05,D,28176.0,0.96,--,,2024 CHW,1,2,1
29,3,Sunday Mar 31,boxscore,CHW,,DET,L,2,3,,0-3,5,3.0,Holton,Wilson,Foley,2:41,D,17478.0,0.88,---,,2024 CHW,1,3,2
30,4,Monday Apr 1,boxscore,CHW,,ATL,L,0,9,8.0,0-4,5,4.0,Morton,Flexen,,2:29,D,13781.0,0.77,----,,2024 CHW,1,4,3
31,5,Tuesday Apr 2,boxscore,CHW,,ATL,W,3,2,,1-4,5,3.5,Crochet,Minter,Kopech,2:21,N,12300.0,0.71,+,,2024 CHW,0,4,4
32,6,Thursday Apr 4,boxscore,CHW,@,KCR,L,1,10,,1-5,5,4.0,Lugo,Soroka,,2:26,N,10863.0,0.75,-,,2024 CHW,1,5,5
33,7,Friday Apr 5,boxscore,CHW,@,KCR,L,1,2,,1-6,5,5.0,Stratton,Kopech,McArthur,2:20,N,10592.0,0.74,--,,2024 CHW,1,6,6
34,8,Saturday Apr 6,boxscore,CHW,@,KCR,L,0,3,,1-7,5,5.5,Wacha,Flexen,Stratton,2:11,N,15463.0,0.66,---,,2024 CHW,1,7,7
35,9,Sunday Apr 7,boxscore,CHW,@,KCR,L,3,5,,1-8,5,6.0,Schreiber,García,McArthur,2:29,D,14251.0,0.64,----,,2024 CHW,1,8,8
36,10,Monday Apr 8,boxscore,CHW,@,CLE,L,0,4,,1-9,5,7.0,McKenzie,Banks,,2:35,N,35735.0,0.59,-----,,2024 CHW,1,9,9
37,11,Tuesday Apr 9,boxscore,CHW,@,CLE,W,7,5,,2-9,5,6.0,Wilson,Barlow,Kopech,2:45,N,14887.0,0.57,+,,2024 CHW,0,9,9
38,12,Wednesday Apr 10,boxscore,CHW,@,CLE,L-wo,6,7,10.0,2-10,5,7.0,Morgan,Shaw,,2:57,N,12405.0,0.59,-,,2024 CHW,1,10,10
39,13,Friday Apr 12,boxscore,CHW,,CIN,L,1,11,,2-11,5,7.5,Abbott,Flexen,,2:43,N,11337.0,0.48,--,,2024 CHW,1,11,11
40,14,Saturday Apr 13,boxscore,CHW,,CIN,L,0,5,,2-12,5,7.5,Lodolo,Crochet,,2:29,D,22598.0,0.44,---,,2024 CHW,1,12,12
41,15,Sunday Apr 14,boxscore,CHW,,CIN,L,4,11,,2-13,5,8.0,Ashcraft,Soroka,,2:57,D,17589.0,0.43,----,,2024 CHW,1,13,13
42,16,Monday Apr 15,boxscore,CHW,,KCR,L,0,2,,2-14,5,9.0,Lugo,Nastrini,McArthur,2:17,N,10569.0,0.43,-----,,2024 CHW,1,14,14
43,17,Wednesday Apr 17 (1),boxscore,CHW,,KCR,L,2,4,,2-15,5,9.0,Anderson,Kopech,McArthur,2:31,D,,0.35,------,,2024 CHW,1,15,15
44,18,Wednesday Apr 17 (2),boxscore,CHW,,KCR,W,2,1,,3-15,5,9.0,Fedde,Wacha,García,2:16,D,10412.0,0.3,+,,2024 CHW,0,15,15
45,19,Friday Apr 19,boxscore,CHW,@,PHI,L,0,7,,3-16,5,10.5,Turnbull,Crochet,,2:18,N,39069.0,0.33,-,,2024 CHW,1,16,17
46,20,Saturday Apr 20,boxscore,CHW,@,PHI,L,5,9,,3-17,5,11.5,Wheeler,Soroka,Alvarado,3:03,N,44546.0,0.28,--,,2024 CHW,1,17,17
47,21,Sunday Apr 21,boxscore,CHW,@,PHI,L,2,8,,3-18,5,12.5,Nola,Nastrini,,2:37,D,43614.0,0.25,---,,2024 CHW,1,18,18
48,22,Monday Apr 22,boxscore,CHW,@,MIN,L,0,7,,3-19,5,13.0,Paddack,Cannon,,2:19,N,12443.0,0.23,----,,2024 CHW,1,19,19
49,23,Tuesday Apr 23,boxscore,CHW,@,MIN,L-wo,5,6,,3-20,5,14.0,Jackson,Wilson,,2:46,N,11223.0,0.2,-----,,2024 CHW,1,20,20
50,24,Wednesday Apr 24,boxscore,CHW,@,MIN,L,3,6,,3-21,5,14.0,Ryan,Crochet,Jax,2:29,N,12546.0,0.16,------,,2024 CHW,1,21,21
51,25,Thursday Apr 25,boxscore,CHW,@,MIN,L,3,6,,3-22,5,15.0,Sands,Banks,Jax,2:30,D,20363.0,0.16,-------,,2024 CHW,1,22,22
52,26,Friday Apr 26,boxscore,CHW,,TBR,W,9,4,,4-22,5,14.0,Flexen,Eflin,,2:41,N,10323.0,0.12,+,,2024 CHW,0,22,22
53,27,Saturday Apr 27,boxscore,CHW,,TBR,W-wo,8,7,10.0,5-22,5,14.0,García,Maton,,2:59,N,28009.0,0.14,++,,2024 CHW,0,22,22
54,28,Sunday Apr 28,boxscore,CHW,,TBR,W,4,2,,6-22,5,13.0,Fedde,Littell,Leasure,2:06,D,12669.0,0.15,+++,,2024 CHW,0,22,22
55,29,Monday Apr 29,boxscore,CHW,,MIN,L,2,3,,6-23,5,13.5,Jax,Brebbia,Thielbar,2:34,N,10772.0,0.19,-,,2024 CHW,1,23,23
56,30,Tuesday Apr 30,boxscore,CHW,,MIN,L,5,6,,6-24,5,13.5,Thielbar,Kopech,Durán,3:04,N,11609.0,0.16,--,,2024 CHW,1,24,24
57,31,Wednesday May 1,boxscore,CHW,,MIN,L,5,10,,6-25,5,14.5,Ober,Leone,,2:48,D,12216.0,0.13,---,,2024 CHW,1,25,25
58,32,Friday May 3,boxscore,CHW,@,STL,L,0,3,,6-26,5,14.0,Gray,Keller,Helsley,2:21,N,34010.0,0.1,----,,2024 CHW,1,26,25
59,33,Saturday May 4,boxscore,CHW,@,STL,W,6,5,10.0,7-26,5,14.0,Kopech,Fernandez,Banks,3:12,D,38559.0,0.08,+,,2024 CHW,0,26,26
60,34,Sunday May 5,boxscore,CHW,@,STL,W,5,1,,8-26,5,14.0,Crochet,Gallegos,,2:28,D,43046.0,0.09,++,,2024 CHW,0,26,26
61,35,Monday May 6,boxscore,CHW,@,TBR,L,2,8,,8-27,5,15.0,Ramírez,Clevinger,,2:33,N,12042.0,0.11,-,,2024 CHW,1,27,27
62,36,Tuesday May 7,boxscore,CHW,@,TBR,L,1,5,,8-28,5,15.0,Eflin,Soroka,,2:18,N,10872.0,0.08,--,,2024 CHW,1,28,28
63,37,Wednesday May 8,boxscore,CHW,@,TBR,W,4,1,,9-28,5,15.0,Flexen,Civale,Kopech,2:32,N,12877.0,0.07,+,,2024 CHW,0,28,29
64,38,Thursday May 9,boxscore,CHW,,CLE,W,3,2,,10-28,5,14.0,Fedde,Lively,Kopech,2:22,N,10495.0,0.09,++,,2024 CHW,0,28,29
65,39,Friday May 10,boxscore,CHW,,CLE,W,6,3,,11-28,5,13.0,Crochet,Carrasco,Leasure,2:15,N,17319.0,0.1,+++,,2024 CHW,0,28,29
66,40,Saturday May 11,boxscore,CHW,,CLE,W,3,1,,12-28,5,12.0,Hill,McKenzie,Brebbia,2:16,N,26152.0,0.12,++++,,2024 CHW,0,28,30
67,41,Sunday May 12,boxscore,CHW,,CLE,L,0,7,,12-29,5,13.0,Allen,Soroka,,2:12,D,15529.0,0.14,-,,2024 CHW,1,29,31
68,42,Tuesday May 14 (1),boxscore,CHW,,WSN,L,3,6,,12-30,5,14.0,Law,Brebbia,Finnegan,2:42,D,,0.1,--,,2024 CHW,1,30,32
69,43,Tuesday May 14 (2),boxscore,CHW,,WSN,W,4,0,,13-30,5,14.0,Fedde,Parker,,2:15,D,11138.0,0.1,+,,2024 CHW,0,30,32
70,44,Wednesday May 15,boxscore,CHW,,WSN,W,2,0,,14-30,5,13.0,Crochet,Corbin,Kopech,2:16,D,11008.0,0.11,++,,2024 CHW,0,30,32
71,45,Friday May 17,boxscore,CHW,@,NYY,L,2,4,,14-31,5,14.0,Cortés,Clevinger,Holmes,2:32,N,46025.0,0.13,-,,2024 CHW,1,31,33
72,46,Saturday May 18,boxscore,CHW,@,NYY,L,1,6,,14-32,5,15.0,Gil,Keller,,2:29,D,43194.0,0.11,--,,2024 CHW,1,32,34
73,47,Sunday May 19,boxscore,CHW,@,NYY,L,2,7,,14-33,5,16.0,Rodón,Flexen,,2:33,D,41041.0,0.09,---,,2024 CHW,1,33,35
74,48,Monday May 20,boxscore,CHW,@,TOR,L,3,9,,14-34,5,17.0,Berríos,Fedde,,2:35,D,36993.0,0.07,----,,2024 CHW,1,34,36
75,49,Tuesday May 21,boxscore,CHW,@,TOR,W,5,0,,15-34,5,17.0,Crochet,Kikuchi,,2:21,N,28176.0,0.07,+,,2024 CHW,0,34,37
76,50,Wednesday May 22,boxscore,CHW,@,TOR,L,2,9,,15-35,5,18.0,Bassitt,Nastrini,,2:43,N,28670.0,0.07,-,,2024 CHW,1,35,38
77,51,Thursday May 23,boxscore,CHW,,BAL,L,6,8,,15-36,5,18.5,Rodriguez,Clevinger,Kimbrel,3:09,N,15843.0,0.05,--,,2024 CHW,1,36,38
78,52,Friday May 24,boxscore,CHW,,BAL,L,4,6,,15-37,5,19.5,Cano,Brebbia,Kimbrel,2:57,N,18831.0,0.04,---,,2024 CHW,1,37,39
79,53,Saturday May 25,boxscore,CHW,,BAL,L,3,5,,15-38,5,20.5,Tate,Kopech,Pérez,2:51,D,22283.0,0.03,----,,2024 CHW,1,38,40
80,54,Sunday May 26,boxscore,CHW,,BAL,L,1,4,,15-39,5,21.5,Bradish,Crochet,Kimbrel,2:31,D,14992.0,0.02,-----,,2024 CHW,1,39,41
81,55,Monday May 27,boxscore,CHW,,TOR,L,1,5,,15-40,5,21.5,Bassitt,Nastrini,,2:40,D,14993.0,0.01,------,,2024 CHW,1,40,42
82,56,Tuesday May 28,boxscore,CHW,,TOR,L,2,7,,15-41,5,22.5,Gausman,Woodford,,2:48,N,11852.0,0.01,-------,,2024 CHW,1,41,43
83,57,Wednesday May 29,boxscore,CHW,,TOR,L,1,3,,15-42,5,22.5,Richards,Flexen,Romano,2:31,N,11599.0,0.01,--------,,2024 CHW,1,42,43
84,58,Friday May 31,boxscore,CHW,@,MIL,L,5,12,,15-43,5,23.5,Paredes,Soroka,,3:02,N,30931.0,0.0,---------,,2024 CHW,1,43,44
85,59,Saturday Jun 1,boxscore,CHW,@,MIL,L-wo,3,4,10.0,15-44,5,24.5,Milner,Kopech,,2:45,D,36017.0,0.01,----------,,2024 CHW,1,44,45
86,60,Sunday Jun 2,boxscore,CHW,@,MIL,L,3,6,,15-45,5,24.5,Peralta,Nastrini,Paredes,2:29,D,30442.0,0.0,-----------,,2024 CHW,1,45,46
87,61,Tuesday Jun 4,boxscore,CHW,@,CHC,L,6,7,,15-46,5,25.5,Little,Leasure,Neris,2:28,N,38397.0,0.0,------------,,2024 CHW,1,46,46
88,62,Wednesday Jun 5,boxscore,CHW,@,CHC,L-wo,6,7,,15-47,5,26.0,Neris,Kopech,,2:55,N,40073.0,0.0,-------------,,2024 CHW,1,47,47
89,63,Thursday Jun 6,boxscore,CHW,,BOS,L,2,14,,15-48,5,26.0,Houck,Woodford,,2:39,N,15568.0,0.0,--------------,,2024 CHW,1,48,48
90,64,Friday Jun 7,boxscore,CHW,,BOS,W,7,2,,16-48,5,25.0,Crochet,Criswell,Cannon,2:32,N,19684.0,0.0,+,,2024 CHW,0,48,48
91,65,Saturday Jun 8,boxscore,CHW,,BOS,W,6,1,,17-48,5,25.0,Banks,Bello,,2:51,D,26248.0,0.0,++,,2024 CHW,0,48,48
92,66,Sunday Jun 9,boxscore,CHW,,BOS,L,4,6,10.0,17-49,5,26.0,Jansen,Soroka,Booser,3:22,D,21055.0,0.0,-,,2024 CHW,1,49,49
93,67,Monday Jun 10,boxscore,CHW,@,SEA,L-wo,4,8,,17-50,5,26.5,Stanek,Leasure,,2:41,N,23027.0,0.0,--,,2024 CHW,1,50,50
94,68,Tuesday Jun 11,boxscore,CHW,@,SEA,L,3,4,,17-51,5,27.5,Thornton,Brebbia,Stanek,2:32,N,20005.0,0.0,---,,2024 CHW,1,51,51
95,69,Wednesday Jun 12,boxscore,CHW,@,SEA,L-wo,1,2,10.0,17-52,5,27.5,Thornton,Wilson,,2:33,N,23312.0,0.0,----,,2024 CHW,1,52,51
96,70,Thursday Jun 13,boxscore,CHW,@,SEA,W,3,2,10.0,18-52,5,27.0,Kopech,Muñoz,Banks,2:28,N,25567.0,0.0,+,,2024 CHW,0,52,52
97,71,Friday Jun 14,boxscore,CHW,@,ARI,L,1,7,,18-53,5,28.0,Nelson,Flexen,,2:19,N,23700.0,0.0,-,,2024 CHW,1,53,53
98,72,Saturday Jun 15,boxscore,CHW,@,ARI,W,9,2,,19-53,5,27.0,Fedde,Vieira,,2:57,N,38494.0,0.0,+,,2024 CHW,0,53,53
99,73,Sunday Jun 16,boxscore,CHW,@,ARI,L,5,12,,19-54,5,27.0,Montgomery,Thorpe,,2:49,D,37694.0,0.0,-,,2024 CHW,1,54,54
100,74,Tuesday Jun 18,boxscore,CHW,,HOU,W,2,0,,20-54,5,26.0,Cannon,Valdez,Brebbia,2:02,N,16763.0,0.0,+,,2024 CHW,0,54,54
101,75,Wednesday Jun 19,boxscore,CHW,,HOU,L,1,4,,20-55,5,27.0,Brown,Crochet,Hader,2:20,N,14124.0,0.0,-,,2024 CHW,1,55,55
102,76,Thursday Jun 20,boxscore,CHW,,HOU,L,3,5,,20-56,5,28.0,Scott,Wilson,Hader,2:50,D,14435.0,0.0,--,,2024 CHW,1,56,56
103,77,Friday Jun 21,boxscore,CHW,@,DET,L,1,2,,20-57,5,29.0,Flaherty,Fedde,Foley,2:06,N,24938.0,0.0,---,,2024 CHW,1,57,57
104,78,Saturday Jun 22,boxscore,CHW,@,DET,W,5,1,,21-57,5,29.0,Thorpe,Maeda,,2:43,D,29269.0,0.0,+,,2024 CHW,0,57,57
105,79,Sunday Jun 23,boxscore,CHW,@,DET,L,2,11,,21-58,5,30.0,Olson,Cannon,,2:45,D,22975.0,0.0,-,,2024 CHW,1,58,58
106,80,Monday Jun 24,boxscore,CHW,,LAD,L,0,3,,21-59,5,31.0,Hudson,Wilson,Vesia,2:28,N,25070.0,0.0,--,,2024 CHW,1,59,59
107,81,Tuesday Jun 25,boxscore,CHW,,LAD,L,3,4,,21-60,5,32.0,Petersen,Flexen,Phillips,2:49,N,23662.0,0.0,---,,2024 CHW,1,60,60
108,82,Wednesday Jun 26,boxscore,CHW,,LAD,L,0,4,,21-61,5,32.0,Stone,Fedde,,2:02,N,36225.0,0.0,----,,2024 CHW,1,61,61
109,83,Thursday Jun 27,boxscore,CHW,,ATL,W,1,0,,22-61,5,31.0,Shuster,Sale,Kopech,2:14,D,12656.0,0.0,+,,2024 CHW,0,61,62
110,84,Friday Jun 28,boxscore,CHW,,COL,W,5,3,,23-61,5,30.0,Thorpe,Hudson,Kopech,2:18,N,24422.0,0.0,++,,2024 CHW,0,61,62
111,85,Saturday Jun 29,boxscore,CHW,,COL,W,11,3,,24-61,5,30.0,Banks,Quantrill,,2:36,D,21490.0,0.0,+++,,2024 CHW,0,61,61
112,86,Sunday Jun 30,boxscore,CHW,,COL,L,4,5,14.0,24-62,5,30.0,Beeks,Soroka,,3:25,D,19334.0,0.0,-,,2024 CHW,1,62,62
113,87,Tuesday Jul 2,boxscore,CHW,@,CLE,L-wo,6,7,,24-63,5,31.0,Clase,Kopech,,2:25,N,25654.0,0.0,--,,2024 CHW,1,63,62
114,88,Wednesday Jul 3,boxscore,CHW,@,CLE,W,8,2,,25-63,5,30.0,Fedde,Williams,,2:35,N,37151.0,0.0,+,,2024 CHW,0,63,62
115,89,Thursday Jul 4,boxscore,CHW,@,CLE,L,4,8,,25-64,5,31.0,Lively,Shuster,,2:45,D,29404.0,0.0,-,,2024 CHW,1,64,63
116,90,Friday Jul 5,boxscore,CHW,@,MIA,W,3,2,,26-64,5,30.0,Thorpe,Hoeing,Kopech,2:57,N,10136.0,0.0,+,,2024 CHW,0,64,64
117,91,Saturday Jul 6,boxscore,CHW,@,MIA,L,3,4,,26-65,5,31.0,Brazobán,Soroka,Scott,2:35,D,13409.0,0.0,-,,2024 CHW,1,65,64
118,92,Sunday Jul 7,boxscore,CHW,@,MIA,L-wo,4,7,,26-66,5,32.0,Chargois,Kopech,,2:52,D,12268.0,0.0,--,,2024 CHW,1,66,65
119,93,Monday Jul 8,boxscore,CHW,,MIN,L,6,8,11.0,26-67,5,32.0,Durán,Shuster,Funderburk,3:18,N,10881.0,0.0,---,,2024 CHW,1,67,66
120,94,Wednesday Jul 10 (1),boxscore,CHW,,MIN,W,3,1,,27-67,5,32.0,Fedde,Ober,Kopech,2:05,D,,0.0,+,,2024 CHW,0,67,66
121,95,Wednesday Jul 10 (2),boxscore,CHW,,MIN,L,2,3,,27-68,5,32.0,Okert,Soroka,Durán,2:23,D,13607.0,0.0,-,,2024 CHW,1,68,67
122,96,Friday Jul 12,boxscore,CHW,,PIT,L,1,4,,27-69,5,31.5,Gonzales,Cannon,Bednar,2:11,N,19548.0,0.0,--,,2024 CHW,1,69,68
123,97,Saturday Jul 13,boxscore,CHW,,PIT,L,2,6,,27-70,5,32.5,Nicolas,Flexen,,2:39,D,20437.0,0.0,---,,2024 CHW,1,70,69
124,98,Sunday Jul 14,boxscore,CHW,,PIT,L,4,9,,27-71,5,32.5,Priester,Kuhl,,2:47,D,16501.0,0.0,----,,2024 CHW,1,71,70
125,99,Friday Jul 19,boxscore,CHW,@,KCR,L,1,7,,27-72,5,33.5,Wacha,Flexen,,2:25,N,26693.0,0.0,-----,,2024 CHW,1,72,71
126,100,Saturday Jul 20,boxscore,CHW,@,KCR,L,1,6,,27-73,5,33.5,Singer,Cannon,,2:10,N,27545.0,0.0,------,,2024 CHW,1,73,72
127,101,Sunday Jul 21,boxscore,CHW,@,KCR,L,1,4,,27-74,5,33.5,Lugo,Brebbia,,2:08,D,22226.0,0.0,-------,,2024 CHW,1,74,73
128,102,Monday Jul 22,boxscore,CHW,@,TEX,L-wo,3,4,10.0,27-75,5,33.5,Hernández,Wilson,,2:43,N,30832.0,0.0,--------,,2024 CHW,1,75,73
129,103,Tuesday Jul 23,boxscore,CHW,@,TEX,L,2,3,,27-76,5,34.5,Gray,Crochet,Yates,2:12,N,39240.0,0.0,---------,,2024 CHW,1,76,74
130,104,Wednesday Jul 24,boxscore,CHW,@,TEX,L,2,10,,27-77,5,35.5,Eovaldi,Flexen,,2:34,N,36989.0,0.0,----------,,2024 CHW,1,77,75
131,105,Thursday Jul 25,boxscore,CHW,@,TEX,L,1,2,,27-78,5,35.5,Scherzer,Cannon,Robertson,2:22,D,32913.0,0.0,-----------,,2024 CHW,1,78,76
132,106,Friday Jul 26,boxscore,CHW,,SEA,L,0,10,,27-79,5,36.5,Kirby,Thorpe,,2:27,N,20170.0,0.0,------------,,2024 CHW,1,79,78
133,107,Saturday Jul 27,boxscore,CHW,,SEA,L,3,6,,27-80,5,36.5,Snider,Fedde,Muñoz,2:58,N,21037.0,0.0,-------------,,2024 CHW,1,80,78
134,108,Sunday Jul 28,boxscore,CHW,,SEA,L,3,6,,27-81,5,37.5,Miller,Crochet,Muñoz,2:32,D,17100.0,0.0,--------------,,2024 CHW,1,81,79
135,109,Monday Jul 29,boxscore,CHW,,KCR,L,5,8,,27-82,5,38.5,Stratton,Brebbia,McArthur,2:49,N,12179.0,0.0,---------------,,2024 CHW,1,82,80
136,110,Tuesday Jul 30,boxscore,CHW,,KCR,L,3,4,,27-83,5,39.5,Wacha,Ellard,Long,2:18,N,15360.0,0.0,----------------,,2024 CHW,1,83,81
137,111,Wednesday Jul 31,boxscore,CHW,,KCR,L,3,10,,27-84,5,40.0,Singer,Thorpe,,2:21,D,14112.0,0.0,-----------------,,2024 CHW,1,84,82
138,112,Friday Aug 2,boxscore,CHW,@,MIN,L,2,10,,27-85,5,41.5,Ryan,Martin,,2:29,N,30801.0,0.0,------------------,,2024 CHW,1,85,83
139,113,Saturday Aug 3,boxscore,CHW,@,MIN,L,2,6,,27-86,5,41.5,Ober,Toussaint,,2:20,N,38289.0,0.0,-------------------,,2024 CHW,1,86,84
140,114,Sunday Aug 4,boxscore,CHW,@,MIN,L,7,13,,27-87,5,41.5,Sands,Flexen,,3:22,D,28302.0,0.0,--------------------,,2024 CHW,1,87,85
141,115,Monday Aug 5,boxscore,CHW,@,OAK,L,1,5,,27-88,5,41.5,Sears,Bush,,2:15,N,4971.0,0.0,---------------------,,2024 CHW,1,88,86
142,116,Tuesday Aug 6,boxscore,CHW,@,OAK,W,5,1,,28-88,5,41.0,Cannon,Stripling,,2:18,N,5867.0,0.0,+,,2024 CHW,0,88,86
143,117,Wednesday Aug 7,boxscore,CHW,@,OAK,L,2,3,,28-89,5,40.5,McFarland,Toussaint,Miller,2:14,D,6964.0,0.0,-,,2024 CHW,1,89,87
144,118,Friday Aug 9,boxscore,CHW,,CHC,L,6,7,,28-90,5,40.0,Taillon,Crochet,Neris,2:51,N,38127.0,0.0,--,,2024 CHW,1,90,87
145,119,Saturday Aug 10,boxscore,CHW,,CHC,L,1,3,,28-91,5,41.0,Hodge,Kuhl,Neris,2:56,N,38341.0,0.0,---,,2024 CHW,1,91,88
146,120,Monday Aug 12,boxscore,CHW,,NYY,W,12,2,,29-91,5,41.5,Toussaint,Gil,,3:00,N,22815.0,0.0,+,,2024 CHW,0,91,87
147,121,Tuesday Aug 13,boxscore,CHW,,NYY,L,1,4,,29-92,5,42.5,Cortés,Cannon,Cousins,2:40,N,21199.0,0.0,-,,2024 CHW,1,92,88
148,122,Wednesday Aug 14,boxscore,CHW,,NYY,L,2,10,,29-93,5,43.5,Hill,Leone,Tonkin,2:59,N,22675.0,0.0,--,,2024 CHW,1,93,90
149,123,Friday Aug 16,boxscore,CHW,@,HOU,W,5,4,,30-93,5,42.5,Anderson,Arrighetti,Kuhl,2:48,N,37307.0,0.0,+,,2024 CHW,0,93,90
150,124,Saturday Aug 17,boxscore,CHW,@,HOU,L,1,6,,30-94,5,42.5,Brown,Flexen,,2:27,N,37008.0,0.0,-,,2024 CHW,1,94,91
151,125,Sunday Aug 18,boxscore,CHW,@,HOU,L,0,2,,30-95,5,42.5,Valdez,Bush,Hader,2:03,D,37169.0,0.0,--,,2024 CHW,1,95,92
152,126,Monday Aug 19,boxscore,CHW,@,SFG,L,3,5,,30-96,5,43.0,Harrison,Cannon,Hicks,2:22,N,29209.0,0.0,---,,2024 CHW,1,96,93
153,127,Tuesday Aug 20,boxscore,CHW,@,SFG,L,1,4,,30-97,5,44.0,Ray,Martin,Walker,2:20,N,28766.0,0.0,----,,2024 CHW,1,97,94
154,128,Wednesday Aug 21,boxscore,CHW,@,SFG,W,6,2,,31-97,5,43.0,Ellard,Miller,,2:10,D,28375.0,0.0,+,,2024 CHW,0,97,94
155,129,Friday Aug 23,boxscore,CHW,,DET,L,2,5,,31-98,5,42.5,Vest,Ellard,Foley,2:53,N,24012.0,0.0,-,,2024 CHW,1,98,94
156,130,Saturday Aug 24,boxscore,CHW,,DET,L,4,13,,31-99,5,43.5,Skubal,Bush,,2:47,N,23570.0,0.0,--,,2024 CHW,1,99,96
157,131,Sunday Aug 25,boxscore,CHW,,DET,L,4,9,,31-100,5,44.5,Sammons,Cannon,,2:57,D,16928.0,0.0,---,,2024 CHW,1,100,97
158,132,Monday Aug 26,boxscore,CHW,,DET,L,3,6,,31-101,5,44.0,Guenther,Shuster,Holton,2:40,N,10975.0,0.0,----,,2024 CHW,1,101,97
159,133,Tuesday Aug 27,boxscore,CHW,,TEX,L,1,3,,31-102,5,44.0,Festa,Flexen,Yates,2:31,D,,,-----,,2024 CHW,1,102,98
160,134,Wednesday Aug 28,boxscore,CHW,,TEX,L,3,4,,31-103,5,45.0,Ureña,Anderson,Anderson,2:35,N,11285.0,0.0,------,,2024 CHW,1,103,99
161,135,Thursday Aug 29,boxscore,CHW,,TEX,L,1,2,,31-104,5,45.5,Eovaldi,Nastrini,Yates,2:33,D,10402.0,0.0,-------,,2024 CHW,1,104,100
162,136,Friday Aug 30,boxscore,CHW,,NYM,L,1,5,,31-105,5,46.5,Megill,Cannon,,2:36,N,15288.0,0.0,--------,,2024 CHW,1,105,101
163,137,Saturday Aug 31,boxscore,CHW,,NYM,L,3,5,,31-106,5,46.5,Quintana,Martin,Buttó,2:49,N,18627.0,0.0,---------,,2024 CHW,1,106,101
164,138,Sunday Sep 1,boxscore,CHW,,NYM,L,0,2,,31-107,5,47.5,Manaea,Crochet,Díaz,2:18,D,16887.0,0.0,----------,,2024 CHW,1,107,102
165,139,Monday Sep 2,boxscore,CHW,@,BAL,L,3,13,,31-108,5,48.5,Burnes,Flexen,Irvin,3:14,D,35906.0,0.0,-----------,,2024 CHW,1,108,104
166,140,Tuesday Sep 3,boxscore,CHW,@,BAL,L,0,9,,31-109,5,49.5,Povich,Nastrini,,2:44,N,15108.0,0.0,------------,,2024 CHW,1,109,105
167,141,Wednesday Sep 4,boxscore,CHW,@,BAL,W,8,1,,32-109,5,48.5,Cannon,Suárez,,2:54,N,17843.0,0.0,+,,2024 CHW,0,109,105
168,142,Friday Sep 6,boxscore,CHW,@,BOS,L,1,3,,32-110,5,49.5,Kelly,Foster,Winckowski,2:23,N,32625.0,0.0,-,,2024 CHW,1,110,106
169,143,Saturday Sep 7,boxscore,CHW,@,BOS,L,5,7,,32-111,5,49.5,Criswell,Crochet,Jansen,2:34,N,31691.0,0.0,--,,2024 CHW,1,111,106
170,144,Sunday Sep 8,boxscore,CHW,@,BOS,W,7,2,,33-111,5,48.5,Ellard,Kelly,,2:35,D,29110.0,0.0,+,,2024 CHW,0,111,106
171,145,Monday Sep 9,boxscore,CHW,,CLE,L,3,5,,33-112,5,49.5,Cantillo,Shuster,Clase,2:50,N,11429.0,0.0,-,,2024 CHW,1,112,107
172,146,Tuesday Sep 10,boxscore,CHW,,CLE,L,0,5,,33-113,5,50.5,Avila,Cannon,,2:37,N,12246.0,0.0,--,,2024 CHW,1,113,108
173,147,Wednesday Sep 11,boxscore,CHW,,CLE,L,4,6,,33-114,5,51.5,Sandlin,Martin,Clase,3:00,D,11252.0,0.0,---,,2024 CHW,1,114,109
174,148,Friday Sep 13,boxscore,CHW,,OAK,L,0,2,,33-115,5,51.0,Basso,Crochet,Miller,2:20,N,26513.0,0.0,----,,2024 CHW,1,115,110
175,149,Saturday Sep 14,boxscore,CHW,,OAK,W-wo,7,6,,34-115,5,51.0,Varland,Harris,,3:02,N,21478.0,0.0,+,,2024 CHW,0,115,110
176,150,Sunday Sep 15,boxscore,CHW,,OAK,W,4,3,,35-115,5,51.0,Burke,Sears,Ellard,2:13,D,18017.0,0.0,++,,2024 CHW,0,115,111
177,151,Monday Sep 16,boxscore,CHW,@,LAA,W,8,4,,36-115,5,51.0,Cannon,Detmers,,2:41,N,35587.0,0.0,+++,,2024 CHW,0,115,111
178,152,Tuesday Sep 17,boxscore,CHW,@,LAA,L,0,5,,36-116,5,51.0,Canning,Martin,,2:31,N,36254.0,0.0,-,,2024 CHW,1,116,112
179,153,Wednesday Sep 18,boxscore,CHW,@,LAA,L-wo,3,4,13.0,36-117,5,52.0,Quijada,Iriarte,,3:35,D,22757.0,0.0,--,,2024 CHW,1,117,112
180,154,Friday Sep 20,boxscore,CHW,@,SDP,L-wo,2,3,10.0,36-118,5,53.5,Morejón,Anderson,,2:53,N,45790.0,0.0,---,,2024 CHW,1,118,113
181,155,Saturday Sep 21,boxscore,CHW,@,SDP,L,2,6,,36-119,5,53.5,Pérez,Flexen,Scott,2:38,N,45360.0,0.0,----,,2024 CHW,1,119,114
182,156,Sunday Sep 22,boxscore,CHW,@,SDP,L,2,4,,36-120,5,53.5,Estrada,Ellard,Suarez,2:24,D,45197.0,0.0,-----,,2024 CHW,1,120,115
183,157,Tuesday Sep 24,boxscore,CHW,,LAA,W,3,2,,37-120,5,53.5,Berroa,Strickland,Anderson,2:06,N,17606.0,0.0,+,,2024 CHW,0,120,115
184,158,Wednesday Sep 25,boxscore,CHW,,LAA,W-wo,4,3,10.0,38-120,5,53.5,Shuster,Quijada,,2:53,N,18423.0,0.0,++,,2024 CHW,0,120,116
185,159,Thursday Sep 26,boxscore,CHW,,LAA,W,7,0,,39-120,5,53.0,Flexen,Anderson,,2:30,D,15678.0,0.0,+++,,2024 CHW,0,120,116
186,160,Friday Sep 27,boxscore,CHW,@,DET,L,1,4,,39-121,5,53.0,Hurter,Shuster,Foley,2:18,N,44435.0,0.0,-,,2024 CHW,1,121,116
187,161,Saturday Sep 28,boxscore,CHW,@,DET,W,4,0,,40-121,5,52.0,Burke,Brieske,,2:26,D,41933.0,0.0,+,,2024 CHW,0,121,117
188,162,Sunday Sep 29,boxscore,CHW,@,DET,W,9,5,,41-121,5,51.5,Cannon,Maeda,De Los Santos,2:58,D,41740.0,0.0,++,,2024 CHW,0,121,117
189,1,Wednesday Apr 11,boxscore,NYM,@,STL,L,4,11,,0-1,7,1.5,Jackson,Craig,,2:53,N,16147.0,2.37,-,,1962 NYM,1,1,1
190,2,Friday Apr 13,boxscore,NYM,,PIT,L,3,4,,0-2,7,3.0,Sturdivant,Jones,Face,2:45,D,12447.0,2.04,--,,1962 NYM,1,2,2
191,3,Saturday Apr 14,boxscore,NYM,,PIT,L,2,6,,0-3,7,4.0,Mizell,Jackson,Face,2:48,D,9231.0,1.71,---,,1962 NYM,1,3,3
192,4,Sunday Apr 15,boxscore,NYM,,PIT,L,2,7,,0-4,8,4.0,Friend,Craig,,2:20,D,11278.0,1.57,----,,1962 NYM,1,4,3
193,5,Tuesday Apr 17,boxscore,NYM,,HOU,L,2,5,11.0,0-5,8,5.5,Golden,Moford,Tiefenauer,3:22,D,3191.0,1.3,-----,,1962 NYM,1,5,4
194,6,Wednesday Apr 18,boxscore,NYM,,STL,L,5,15,,0-6,9,6.5,Jackson,Jones,Sadecki,2:50,D,4725.0,1.11,------,,1962 NYM,1,6,5
195,7,Thursday Apr 19,boxscore,NYM,,STL,L,4,9,,0-7,9,7.5,Washburn,Jackson,McDaniel,2:43,D,9060.0,1.13,-------,,1962 NYM,1,7,6
196,8,Saturday Apr 21,boxscore,NYM,@,PIT,L,4,8,,0-8,9,8.5,Friend,Miller,Face,2:51,D,17927.0,0.9,--------,,1962 NYM,1,8,7
197,9,Sunday Apr 22,boxscore,NYM,@,PIT,L,3,4,,0-9,10,9.5,Veale,Jones,,2:17,D,13780.0,0.88,---------,,1962 NYM,1,9,8
198,10,Monday Apr 23,boxscore,NYM,@,PIT,W,9,1,,1-9,10,8.5,Hook,Sturdivant,,2:40,N,16176.0,0.79,+,,1962 NYM,0,9,8
199,11,Tuesday Apr 24,boxscore,NYM,@,CIN,L,3,7,,1-10,10,9.5,Ellis,Anderson,Drabowsky,3:10,N,5027.0,0.74,-,,1962 NYM,1,10,9
200,12,Wednesday Apr 25,boxscore,NYM,@,CIN,L,1,7,,1-11,10,9.5,Purkey,Miller,,2:40,N,5563.0,0.58,--,,1962 NYM,1,11,10
201,13,Friday Apr 27,boxscore,NYM,,PHI,L,9,11,,1-12,10,9.5,McLish,Craig,Baldschun,3:07,D,9043.0,0.56,---,,1962 NYM,1,12,10
202,14,Saturday Apr 28,boxscore,NYM,,PHI,W,8,6,,2-12,10,8.5,Craig,Sullivan,,3:34,D,10492.0,0.39,+,,1962 NYM,0,12,10
203,15,Sunday Apr 29 (1),boxscore,NYM,,PHI,W,8,0,,3-12,9,9.5,Jackson,Mahaffey,,2:55,D,,0.43,++,,1962 NYM,0,12,10
204,16,Sunday Apr 29 (2),boxscore,NYM,,PHI,L,2,10,,3-13,9,9.5,Locke,Jones,Baldschun,3:27,D,19925.0,0.55,-,,1962 NYM,1,13,12
205,17,Tuesday May 1,boxscore,NYM,,CIN,L,2,8,,3-14,9,11.0,Jay,Hook,,2:50,N,5959.0,0.45,--,,1962 NYM,1,14,13
206,18,Friday May 4,boxscore,NYM,@,PHI,L,5,6,,3-15,9,13.0,Green,MacKenzie,,2:48,N,16393.0,0.33,---,,1962 NYM,1,15,13
207,19,Saturday May 5,boxscore,NYM,@,PHI,L,1,2,,3-16,10,13.0,McLish,Jackson,Baldschun,2:32,D,7993.0,0.36,----,,1962 NYM,1,16,14
208,20,Sunday May 6,boxscore,NYM,@,PHI,W,7,5,12.0,4-16,9,13.0,Anderson,Baldschun,Craig,4:56,D,28215.0,0.21,+,,1962 NYM,0,16,14
209,21,Tuesday May 8,boxscore,NYM,@,CHC,W,3,1,,5-16,9,13.0,Hook,Anderson,,2:37,D,1369.0,0.31,++,,1962 NYM,0,16,15
210,22,Friday May 11,boxscore,NYM,,MLN,L,5,8,,5-17,9,13.0,Shaw,Jackson,Nottebart,3:03,N,15562.0,0.37,-,,1962 NYM,1,17,15
211,23,Saturday May 12 (1),boxscore,NYM,,MLN,W-wo,3,2,,6-17,9,12.5,Anderson,Spahn,,2:30,D,,0.26,+,,1962 NYM,0,17,16
212,24,Saturday May 12 (2),boxscore,NYM,,MLN,W-wo,8,7,,7-17,9,12.5,Anderson,Fischer,,3:34,D,19748.0,0.27,++,,1962 NYM,0,17,16
213,25,Sunday May 13,boxscore,NYM,,MLN,L,2,3,,7-18,9,13.5,Butler,Hook,,2:57,D,13447.0,0.37,-,,1962 NYM,1,18,17
214,26,Tuesday May 15,boxscore,NYM,,CHC,W-wo,6,5,13.0,8-18,9,13.5,Craig,Balsamo,,4:54,N,8463.0,0.32,+,,1962 NYM,0,18,17
215,27,Wednesday May 16,boxscore,NYM,,CHC,W-wo,6,5,11.0,9-18,8,13.5,Hook,Elston,,3:21,D,3273.0,0.3,++,,1962 NYM,0,18,18
216,28,Friday May 18,boxscore,NYM,@,MLN,L,2,5,,9-19,9,13.0,Spahn,Craig,,2:36,N,9655.0,0.4,-,,1962 NYM,1,19,19
217,29,Saturday May 19,boxscore,NYM,@,MLN,W,6,5,,10-19,8,13.0,MacKenzie,Burdette,Anderson,3:04,D,8471.0,0.4,+,,1962 NYM,0,19,19
218,30,Sunday May 20 (1),boxscore,NYM,@,MLN,W,7,6,,11-19,8,12.0,MacKenzie,Fischer,Anderson,3:01,D,,0.45,++,,1962 NYM,0,19,19
219,31,Sunday May 20 (2),boxscore,NYM,@,MLN,W,9,6,,12-19,8,12.0,Jackson,Cloninger,Craig,2:56,D,12672.0,0.48,+++,,1962 NYM,0,19,20
220,32,Monday May 21,boxscore,NYM,@,HOU,L,2,3,,12-20,8,12.0,Golden,Mizell,,2:40,N,16317.0,0.57,-,,1962 NYM,1,20,20
221,33,Tuesday May 22,boxscore,NYM,@,HOU,L,2,3,,12-21,9,12.0,Farrell,Hook,,2:00,N,11980.0,0.46,--,,1962 NYM,1,21,21
222,34,Wednesday May 23,boxscore,NYM,@,LAD,L,1,3,,12-22,9,12.0,Drysdale,Craig,,2:11,N,19885.0,0.41,---,,1962 NYM,1,22,22
223,35,Thursday May 24,boxscore,NYM,@,LAD,L,2,4,,12-23,9,13.0,Sherry,Anderson,,2:12,N,17448.0,0.4,----,,1962 NYM,1,23,22
224,36,Friday May 25,boxscore,NYM,@,LAD,L,8,17,,12-24,9,14.0,Moeller,Jackson,Roebuck,3:38,N,26907.0,0.31,-----,,1962 NYM,1,24,24
225,37,Saturday May 26,boxscore,NYM,@,SFG,L-wo,6,7,10.0,12-25,9,15.0,Larsen,Hook,,2:50,D,18791.0,0.29,------,,1962 NYM,1,25,24
226,38,Sunday May 27 (1),boxscore,NYM,@,SFG,L,1,7,,12-26,9,17.0,Sanford,Craig,Miller,2:45,D,,0.15,-------,,1962 NYM,1,26,25
227,39,Sunday May 27 (2),boxscore,NYM,@,SFG,L,5,6,,12-27,9,17.0,Duffalo,Anderson,Miller,3:04,D,39551.0,0.08,--------,,1962 NYM,1,27,26
228,40,Wednesday May 30 (1),boxscore,NYM,,LAD,L,6,13,,12-28,10,19.0,Koufax,Hook,,3:19,D,,0.14,---------,,1962 NYM,1,28,27
229,41,Wednesday May 30 (2),boxscore,NYM,,LAD,L,5,6,,12-29,10,19.0,Sherry,Anderson,,2:44,D,55704.0,0.06,----------,,1962 NYM,1,29,27
230,42,Thursday May 31,boxscore,NYM,,LAD,L,3,6,,12-30,10,19.0,Roebuck,Jackson,Perranoski,2:36,N,22884.0,0.04,-----------,,1962 NYM,1,30,28
231,43,Friday Jun 1,boxscore,NYM,,SFG,L,6,9,,12-31,10,20.0,Pierce,Craig,Miller,3:01,N,43742.0,0.01,------------,,1962 NYM,1,31,29
232,44,Saturday Jun 2 (1),boxscore,NYM,,SFG,L,1,10,,12-32,10,22.0,Sanford,Hook,,3:08,D,,0.02,-------------,,1962 NYM,1,32,30
233,45,Saturday Jun 2 (2),boxscore,NYM,,SFG,L,4,6,,12-33,10,22.0,O'Dell,Anderson,Miller,3:32,D,41001.0,0.01,--------------,,1962 NYM,1,33,31
234,46,Sunday Jun 3,boxscore,NYM,,SFG,L,1,6,,12-34,10,23.0,Marichal,Miller,,3:02,D,34102.0,0.0,---------------,,1962 NYM,1,34,32
235,47,Wednesday Jun 6 (1),boxscore,NYM,@,PHI,L,0,2,,12-35,10,24.0,McLish,Craig,,2:40,N,,0.0,----------------,,1962 NYM,1,35,33
236,48,Wednesday Jun 6 (2),boxscore,NYM,@,PHI,L-wo,1,2,,12-36,10,24.0,Mahaffey,Jackson,,2:23,N,8681.0,0.0,-----------------,1962-05-06 (Sunday curfew),1962 NYM,1,36,33
237,49,Friday Jun 8 (1),boxscore,NYM,@,CHC,W,4,3,,13-36,10,23.5,Hook,Hobbie,Anderson,2:44,D,,0.0,+,1962-05-09 (Cold),1962 NYM,0,36,34
238,50,Friday Jun 8 (2),boxscore,NYM,@,CHC,L,2,3,8.0,13-37,10,23.5,Koonce,Miller,Elston,2:41,D,6483.0,0.0,-,,1962 NYM,1,37,35
239,51,Saturday Jun 9,boxscore,NYM,@,CHC,W,11,6,,14-37,10,22.5,Hunter,Buhl,Hillman,3:34,D,7544.0,0.0,+,,1962 NYM,0,37,35
240,52,Sunday Jun 10 (1),boxscore,NYM,@,CHC,W,2,1,,15-37,10,23.5,Craig,Ellsworth,MacKenzie,2:29,D,,0.01,++,1962-05-10 (Wet grounds),1962 NYM,0,37,35
241,53,Sunday Jun 10 (2),boxscore,NYM,@,CHC,L-wo,4,5,10.0,15-38,10,23.5,Schultz,MacKenzie,,2:47,D,16232.0,0.0,-,,1962 NYM,1,38,36
242,54,Monday Jun 11,boxscore,NYM,@,HOU,W,3,1,,16-38,10,23.0,Jackson,Farrell,,2:10,N,8920.0,0.0,+,,1962 NYM,0,38,36
243,55,Tuesday Jun 12,boxscore,NYM,@,HOU,L-wo,2,3,,16-39,10,23.0,Johnson,Anderson,,2:25,N,7344.0,0.0,-,,1962 NYM,1,39,37
244,56,Thursday Jun 14,boxscore,NYM,@,HOU,L,2,10,,16-40,10,23.5,Bruce,Hook,,3:00,N,10761.0,0.0,--,,1962 NYM,1,40,38
245,57,Friday Jun 15,boxscore,NYM,,CHC,L,1,5,,16-41,10,23.5,Anderson,Craig,Gerard,2:30,N,8983.0,0.0,---,,1962 NYM,1,41,39
246,58,Saturday Jun 16,boxscore,NYM,,CHC,L,3,6,,16-42,10,23.5,Cardwell,Hunter,Elston,3:03,D,9175.0,0.0,----,,1962 NYM,1,42,40
247,59,Sunday Jun 17 (1),boxscore,NYM,,CHC,L,7,8,,16-43,10,25.0,Gerard,Jackson,Elston,2:59,D,,0.0,-----,,1962 NYM,1,43,40
248,60,Sunday Jun 17 (2),boxscore,NYM,,CHC,L,3,4,,16-44,10,25.0,Cardwell,Mizell,,3:20,D,13128.0,0.0,------,,1962 NYM,1,44,41
249,61,Monday Jun 18,boxscore,NYM,,MLN,L,1,7,,16-45,10,26.0,Shaw,Hook,,2:43,N,9132.0,0.0,-------,,1962 NYM,1,45,42
250,62,Tuesday Jun 19,boxscore,NYM,,MLN,W,6,5,,17-45,10,26.0,Craig,Curtis,,2:44,D,3862.0,0.0,+,,1962 NYM,0,45,42
251,63,Wednesday Jun 20 (1),boxscore,NYM,,MLN,L,4,9,,17-46,10,26.5,Cloninger,Daviault,,3:09,D,,0.0,-,,1962 NYM,1,46,43
252,64,Wednesday Jun 20 (2),boxscore,NYM,,MLN,L,2,3,6.0,17-47,10,26.5,Hendley,Hunter,Burdette,2:07,D,6643.0,0.0,--,,1962 NYM,1,47,44
253,65,Friday Jun 22 (1),boxscore,NYM,,HOU,W,2,0,,18-47,10,26.0,Jackson,Farrell,,2:14,D,,0.0,+,1962-04-16 (Cold),1962 NYM,0,47,44
254,66,Friday Jun 22 (2),boxscore,NYM,,HOU,L,3,16,,18-48,10,26.0,Golden,Miller,,2:54,N,11484.0,0.0,-,,1962 NYM,1,48,46
255,67,Saturday Jun 23,boxscore,NYM,,HOU,W,13,2,,19-48,10,26.0,Hook,Johnson,,2:28,D,6425.0,0.0,+,,1962 NYM,0,48,45
256,68,Monday Jun 25,boxscore,NYM,@,PIT,L &H,3,13,,19-49,10,25.5,Law,Anderson,,2:50,N,9310.0,0.0,-,,1962 NYM,1,49,47
257,69,Tuesday Jun 26,boxscore,NYM,@,PIT,L,2,5,,19-50,10,26.0,Francis,Hunter,Face,2:34,N,9534.0,0.0,--,,1962 NYM,1,50,48
258,70,Wednesday Jun 27,boxscore,NYM,@,PIT,L-wo,5,6,10.0,19-51,10,27.0,Olivo,Craig,,3:00,N,12468.0,0.0,---,,1962 NYM,1,51,48
259,71,Thursday Jun 28,boxscore,NYM,@,LAD,L-wo,4,5,13.0,19-52,10,27.5,Roebuck,MacKenzie,,4:09,N,19080.0,0.0,----,,1962 NYM,1,52,49
260,72,Friday Jun 29,boxscore,NYM,@,LAD,W,10,4,,20-52,10,27.0,Hook,Moeller,,3:33,N,24366.0,0.0,+,,1962 NYM,0,52,49
261,73,Saturday Jun 30,boxscore,NYM,@,LAD,L,0,5,,20-53,10,28.0,Koufax,Miller,,2:46,N,29797.0,0.0,-,,1962 NYM,1,53,50
262,74,Sunday Jul 1,boxscore,NYM,@,LAD,L,1,5,,20-54,10,29.0,Drysdale,Craig,,2:29,D,23241.0,0.0,--,,1962 NYM,1,54,51
263,75,Monday Jul 2,boxscore,NYM,@,SFG,W,8,5,,21-54,10,29.0,MacKenzie,Miller,Miller,3:15,N,11058.0,0.0,+,,1962 NYM,0,54,51
264,76,Tuesday Jul 3,boxscore,NYM,@,SFG,L,1,10,,21-55,10,29.5,Sanford,Jackson,,2:35,D,7083.0,0.0,-,,1962 NYM,1,55,52
265,77,Wednesday Jul 4 (1),boxscore,NYM,@,SFG,L,4,11,,21-56,10,31.5,Bolin,Miller,,2:46,D,,0.0,--,,1962 NYM,1,56,53
266,78,Wednesday Jul 4 (2),boxscore,NYM,@,SFG,L,3,10,,21-57,10,31.5,O'Dell,Hunter,,3:00,D,33253.0,0.0,---,,1962 NYM,1,57,54
267,79,Friday Jul 6,boxscore,NYM,,STL,W,10,3,,22-57,10,31.0,Craig,Sadecki,,2:36,N,14515.0,0.0,+,,1962 NYM,0,57,54
268,80,Saturday Jul 7 (1),boxscore,NYM,,STL,W-wo,5,4,,23-57,10,31.0,Daviault,Broglio,,2:53,D,,0.0,++,,1962 NYM,0,57,55
269,81,Saturday Jul 7 (2),boxscore,NYM,,STL,L,2,3,,23-58,10,31.0,Washburn,Anderson,McDaniel,2:23,D,16530.0,0.0,-,,1962 NYM,1,58,55
270,82,Sunday Jul 8,boxscore,NYM,,STL,L,1,15,,23-59,10,31.5,Gibson,Hook,,2:47,D,12460.0,0.0,--,,1962 NYM,1,59,57
271,83,Thursday Jul 12,boxscore,NYM,,LAD,L,0,3,,23-60,10,32.5,Koufax,Craig,Sherry,2:36,N,15719.0,0.0,---,,1962 NYM,1,60,58
272,84,Friday Jul 13,boxscore,NYM,,LAD,L,4,5,,23-61,10,33.5,Drysdale,Jackson,,2:39,N,23910.0,0.0,----,,1962 NYM,1,61,58
273,85,Saturday Jul 14,boxscore,NYM,,LAD,L,3,17,,23-62,10,34.5,Williams,Anderson,,2:51,D,37253.0,0.0,-----,,1962 NYM,1,62,60
274,86,Sunday Jul 15 (1),boxscore,NYM,,SFG,W,5,3,,24-62,10,34.5,Hook,Pierce,,3:08,D,,0.0,+,,1962 NYM,0,62,60
275,87,Sunday Jul 15 (2),boxscore,NYM,,SFG,L,8,9,,24-63,10,34.5,Bolin,Hunter,Marichal,3:01,D,35463.0,0.0,-,,1962 NYM,1,63,61
276,88,Monday Jul 16,boxscore,NYM,,SFG,L,2,3,,24-64,10,35.0,Sanford,Craig,Garibaldi,3:03,N,23280.0,0.0,--,,1962 NYM,1,64,62
277,89,Thursday Jul 19 (1),boxscore,NYM,,PIT,L,1,5,,24-65,10,35.5,Friend,Jackson,,2:23,D,,0.0,---,,1962 NYM,1,65,63
278,90,Thursday Jul 19 (2),boxscore,NYM,,PIT,L,6,7,10.0,24-66,10,35.5,Face,Hook,,3:36,N,16540.0,0.0,----,1962-04-15 (Rain),1962 NYM,1,66,63
279,91,Friday Jul 20,boxscore,NYM,@,CIN,L,1,3,,24-67,10,36.5,Jay,Craig,,2:23,N,12764.0,0.0,-----,,1962 NYM,1,67,64
280,92,Saturday Jul 21,boxscore,NYM,@,CIN,L,3,5,,24-68,10,37.5,Purkey,Anderson,,2:30,D,8381.0,0.0,------,,1962 NYM,1,68,65
281,93,Sunday Jul 22 (1),boxscore,NYM,@,CIN,L,4,11,,24-69,10,39.0,Nuxhall,Jackson,Klippstein,2:43,D,,0.0,-------,,1962 NYM,1,69,66
282,94,Sunday Jul 22 (2),boxscore,NYM,@,CIN,L-wo,3,4,,24-70,10,39.0,Brosnan,Craig,,2:31,D,16756.0,0.0,--------,,1962 NYM,1,70,66
283,95,Tuesday Jul 24,boxscore,NYM,@,MLN,L-wo,4,5,12.0,24-71,10,39.5,Shaw,Miller,,3:58,N,9971.0,0.0,---------,,1962 NYM,1,71,67
284,96,Wednesday Jul 25,boxscore,NYM,@,MLN,L,5,11,,24-72,10,40.5,Hendley,Craig,Fischer,3:08,N,9056.0,0.0,----------,,1962 NYM,1,72,68
285,97,Thursday Jul 26,boxscore,NYM,@,MLN,L,1,6,,24-73,10,41.0,Spahn,Anderson,,2:27,D,9749.0,0.0,-----------,,1962 NYM,1,73,69
286,98,Friday Jul 27 (1),boxscore,NYM,@,STL,W,1,0,,25-73,10,41.5,Jackson,Gibson,,2:14,D,,0.0,+,,1962 NYM,0,73,69
287,99,Friday Jul 27 (2),boxscore,NYM,@,STL,L,5,6,,25-74,10,41.5,Duliba,Daviault,McDaniel,2:52,N,18722.0,0.0,-,,1962 NYM,1,74,70
288,100,Saturday Jul 28,boxscore,NYM,@,STL,W,9,8,,26-74,10,41.5,MacKenzie,Simmons,Anderson,3:10,N,15008.0,0.0,+,,1962 NYM,0,74,70
289,101,Sunday Jul 29 (1),boxscore,NYM,@,STL,L,5,6,,26-75,10,43.0,Broglio,Daviault,Gibson,2:42,D,,0.0,-,1962-04-10 (Rain),1962 NYM,1,75,71
290,102,Sunday Jul 29 (2),boxscore,NYM,@,STL,L,1,5,,26-76,10,43.0,Washburn,Craig,Duliba,2:28,D,15443.0,0.0,--,,1962 NYM,1,76,72
291,103,Wednesday Aug 1,boxscore,NYM,,PHI,L,9,11,,26-77,10,43.0,Bennett,Jackson,Baldschun,3:32,N,8681.0,0.0,---,,1962 NYM,1,77,72
292,104,Thursday Aug 2,boxscore,NYM,,PHI,L,4,9,,26-78,10,44.0,Mahaffey,Anderson,,2:58,D,6042.0,0.0,----,,1962 NYM,1,78,73
293,105,Friday Aug 3,boxscore,NYM,,CIN,L,6,8,,26-79,10,45.0,Jay,Hook,Henry,3:17,N,8811.0,0.0,-----,,1962 NYM,1,79,74
294,106,Saturday Aug 4 (1),boxscore,NYM,,CIN,W,9,1,,27-79,10,44.5,Craig,Klippstein,,2:46,D,,0.0,+,,1962 NYM,0,79,74
295,107,Saturday Aug 4 (2),boxscore,NYM,,CIN,W &V,3,2,14.0,28-79,10,44.5,Miller,Drabowsky,,4:20,D,12562.0,0.0,++,,1962 NYM,0,79,74
296,108,Sunday Aug 5 (1),boxscore,NYM,,CIN,W,5,2,,29-79,10,44.5,Jackson,O'Toole,,2:21,D,,0.0,+++,1962-05-02 (Rain),1962 NYM,0,79,75
297,109,Sunday Aug 5 (2),boxscore,NYM,,CIN,L,3,6,,29-80,10,44.5,Maloney,Moorhead,Brosnan,3:08,D,15402.0,0.0,-,,1962 NYM,1,80,75
298,110,Monday Aug 6,boxscore,NYM,@,LAD,L,1,2,,29-81,10,45.5,Podres,Hook,Perranoski,2:18,N,20858.0,0.0,--,,1962 NYM,1,81,76
299,111,Tuesday Aug 7,boxscore,NYM,@,LAD,L,5,7,,29-82,10,46.5,Drysdale,Anderson,,2:58,N,26970.0,0.0,---,,1962 NYM,1,82,77
300,112,Wednesday Aug 8,boxscore,NYM,@,SFG,W,5,2,,30-82,10,46.5,Craig,Bolin,,2:44,N,11411.0,0.0,+,,1962 NYM,0,82,77
301,113,Thursday Aug 9,boxscore,NYM,@,SFG,L,1,7,,30-83,10,47.5,Sanford,Miller,,2:37,D,9988.0,0.0,-,,1962 NYM,1,83,78
302,114,Friday Aug 10,boxscore,NYM,@,CIN,L,4,8,,30-84,10,47.5,Maloney,Jackson,,2:38,N,14879.0,0.0,--,,1962 NYM,1,84,79
303,115,Saturday Aug 11,boxscore,NYM,@,CIN,L-wo,1,2,,30-85,10,47.5,Purkey,Hook,,2:32,N,14903.0,0.0,---,,1962 NYM,1,85,80
304,116,Sunday Aug 12,boxscore,NYM,@,CIN,L,4,8,,30-86,10,47.5,Jay,Craig,,2:23,D,11319.0,0.0,----,,1962 NYM,1,86,81
305,117,Tuesday Aug 14,boxscore,NYM,,PHI,L,1,3,15.0,30-87,10,47.5,Baldschun,Jackson,,4:35,D,5351.0,0.0,-----,,1962 NYM,1,87,81
306,118,Wednesday Aug 15 (1),boxscore,NYM,,PHI,L,3,9,,30-88,10,48.0,Bennett,Miller,McLish,3:07,D,,0.0,------,,1962 NYM,1,88,82
307,119,Wednesday Aug 15 (2),boxscore,NYM,,PHI,L,7,8,13.0,30-89,10,48.0,Short,Moorhead,,4:41,N,9573.0,0.0,-------,,1962 NYM,1,89,83
308,120,Saturday Aug 18 (1),boxscore,NYM,,STL,L,4,7,,30-90,10,49.5,Broglio,Craig,,2:51,D,9715.0,0.0,--------,1962-08-17 (Rain),1962 NYM,1,90,84
309,121,Saturday Aug 18 (2),boxscore,NYM,,STL,L,0,10,,30-91,10,49.5,Gibson,MacKenzie,,2:53,N,14309.0,0.0,---------,,1962 NYM,1,91,85
310,122,Sunday Aug 19,boxscore,NYM,,STL,L,5,10,,30-92,10,50.5,McDaniel,Jackson,Shantz,3:12,D,10182.0,0.0,----------,,1962 NYM,1,92,86
311,123,Monday Aug 20 (1),boxscore,NYM,,PIT,L,0,2,,30-93,10,51.0,Friend,Hook,,2:15,D,,0.0,-----------,1962-07-18 (Rain),1962 NYM,1,93,87
312,124,Monday Aug 20 (2),boxscore,NYM,,PIT,L,3,6,,30-94,10,51.0,McBean,Miller,Face,2:31,N,8214.0,0.0,------------,,1962 NYM,1,94,88
313,125,Tuesday Aug 21 (1),boxscore,NYM,,PIT,L,6,8,,30-95,10,51.0,Olivo,Craig,Face,3:35,D,,0.0,-------------,,1962 NYM,1,95,88
314,126,Tuesday Aug 21 (2),boxscore,NYM,,PIT,W-wo,5,4,,31-95,10,51.0,Miller,Face,,2:37,D,4184.0,0.0,+,1962-07-18 (Rain),1962 NYM,0,95,89
315,127,Wednesday Aug 22,boxscore,NYM,,SFG,W,5,4,,32-95,10,50.0,MacKenzie,Larsen,Craig,2:51,N,33569.0,0.0,++,,1962 NYM,0,95,89
316,128,Thursday Aug 23,boxscore,NYM,,SFG,L,1,2,10.0,32-96,10,51.0,Marichal,Jackson,,3:04,D,18815.0,0.0,-,,1962 NYM,1,96,90
317,129,Friday Aug 24,boxscore,NYM,,LAD,W,6,3,,33-96,10,50.0,Hook,Drysdale,,3:11,N,39741.0,0.0,+,,1962 NYM,0,96,90
318,130,Saturday Aug 25,boxscore,NYM,,LAD,L,2,8,,33-97,10,51.0,Perranoski,Craig,,3:13,D,21065.0,0.0,-,,1962 NYM,1,97,91
319,131,Sunday Aug 26,boxscore,NYM,,LAD,L,5,16,,33-98,10,52.0,Richert,Anderson,Ortega,3:22,D,26818.0,0.0,--,,1962 NYM,1,98,92
320,132,Tuesday Aug 28 (1),boxscore,NYM,@,PHI,W,2,0,,34-98,10,52.5,Jackson,Short,,2:25,D,,0.0,+,1962-06-05 (Rain),1962 NYM,0,98,93
321,133,Tuesday Aug 28 (2),boxscore,NYM,@,PHI,L,1,10,,34-99,10,52.5,Bennett,Miller,,2:55,N,6572.0,0.0,-,,1962 NYM,1,99,94
322,134,Wednesday Aug 29,boxscore,NYM,@,PHI,L-wo,2,3,10.0,34-100,10,53.5,McLish,Hook,,2:46,N,4822.0,0.0,--,,1962 NYM,1,100,95
323,135,Thursday Aug 30,boxscore,NYM,@,PHI,L,7,8,,34-101,10,53.5,Baldschun,Miller,,3:10,N,5722.0,0.0,---,,1962 NYM,1,101,95
324,136,Friday Aug 31,boxscore,NYM,@,STL,L,2,4,,34-102,10,54.5,Jackson,Anderson,Shantz,3:06,N,11347.0,0.0,----,,1962 NYM,1,102,96
325,137,Saturday Sep 1,boxscore,NYM,@,STL,L,5,10,,34-103,10,55.5,Washburn,Daviault,McDaniel,3:12,N,7961.0,0.0,-----,,1962 NYM,1,103,97
326,138,Sunday Sep 2,boxscore,NYM,@,STL,W &H,4,3,,35-103,10,55.5,Jackson,Shantz,,2:44,D,9169.0,0.0,+,,1962 NYM,0,103,97
327,139,Monday Sep 3 (1),boxscore,NYM,@,PIT,L,0,2,,35-104,10,56.0,Friend,Hook,,2:21,D,,0.0,-,,1962 NYM,1,104,98
328,140,Monday Sep 3 (2),boxscore,NYM,@,PIT,L,4,5,,35-105,10,56.0,McBean,Craig,Face,2:47,D,14289.0,0.0,--,,1962 NYM,1,105,99
329,141,Tuesday Sep 4,boxscore,NYM,@,PIT,L,1,5,,35-106,10,57.0,Haddix,Anderson,,2:10,N,4364.0,0.0,---,,1962 NYM,1,106,100
330,142,Friday Sep 7,boxscore,NYM,@,HOU,L,2,4,,35-107,10,56.0,Golden,Jackson,McMahon,2:28,N,6208.0,0.0,----,,1962 NYM,1,107,101
331,143,Saturday Sep 8 (1),boxscore,NYM,@,HOU,L-wo,3,4,,35-108,10,57.5,Kemmerer,Anderson,,2:50,D,1638.0,0.0,-----,1962-06-13 (Rain),1962 NYM,1,108,101
332,144,Saturday Sep 8 (2),boxscore,NYM,@,HOU,L-wo,5,6,10.0,35-109,10,57.5,Umbricht,Craig,,3:20,N,6568.0,0.0,------,,1962 NYM,1,109,102
333,145,Sunday Sep 9,boxscore,NYM,@,HOU,T,7,7,8.0,35-109,10,58.0,,,,3:07,D,3630.0,0.0,------,,1962 NYM,0,109,102
334,146,Monday Sep 10,boxscore,NYM,,MLN,L,2,5,,35-110,10,59.0,Cloninger,Miller,,2:44,N,5381.0,0.0,-------,,1962 NYM,1,110,103
335,147,Friday Sep 14,boxscore,NYM,,CIN,W-wo,10,9,,36-110,10,60.0,Craig,Klippstein,,3:35,N,7791.0,0.0,+,,1962 NYM,0,110,103
336,148,Saturday Sep 15,boxscore,NYM,,CIN,L,6,9,,36-111,10,61.0,Purkey,Hook,Maloney,3:01,D,8157.0,0.0,-,,1962 NYM,1,111,104
337,149,Sunday Sep 16,boxscore,NYM,,CIN,W,8,2,,37-111,10,60.0,Craig,Jay,,2:20,D,10884.0,0.0,+,,1962 NYM,0,111,104
338,150,Tuesday Sep 18 (1),boxscore,NYM,,HOU,L,2,6,,37-112,10,60.0,Johnson,Jackson,,2:18,N,,0.0,-,1962-06-24 (Rain),1962 NYM,1,112,105
339,151,Tuesday Sep 18 (2),boxscore,NYM,,HOU,L,6,8,,37-113,10,60.0,Drott,Foss,Umbricht,3:10,N,3670.0,0.0,--,,1962 NYM,1,113,106
340,152,Thursday Sep 20 (1),boxscore,NYM,,HOU,L,2,7,,37-114,10,61.5,Golden,Hook,Kemmerer,2:30,D,,0.0,---,,1962 NYM,1,114,107
341,153,Thursday Sep 20 (2),boxscore,NYM,,HOU,L,4,5,12.0,37-115,10,61.5,Kemmerer,Daviault,,3:29,D,1481.0,0.0,----,1962-06-24 (Rain),1962 NYM,1,115,107
342,154,Friday Sep 21,boxscore,NYM,,CHC,W,4,1,,38-115,10,60.5,Cisco,Ellsworth,,2:53,N,3582.0,0.0,+,,1962 NYM,0,115,108
343,155,Saturday Sep 22,boxscore,NYM,,CHC,L,2,9,,38-116,10,61.5,Toth,Jackson,,2:42,D,3744.0,0.0,-,,1962 NYM,1,116,109
344,156,Sunday Sep 23,boxscore,NYM,,CHC,W-wo,2,1,,39-116,10,60.5,Craig,Brewer,,3:04,D,10304.0,0.0,+,,1962 NYM,0,116,109
345,157,Tuesday Sep 25,boxscore,NYM,@,MLN,L,3,7,,39-117,10,60.5,Spahn,Hook,,2:24,N,3637.0,0.0,-,,1962 NYM,1,117,110
346,158,Wednesday Sep 26,boxscore,NYM,@,MLN,L,3,6,,39-118,10,61.5,Lemaster,Craig,,2:24,N,3239.0,0.0,--,,1962 NYM,1,118,111
347,159,Friday Sep 28,boxscore,NYM,@,CHC,L,2,3,,39-119,10,61.0,Toth,Cisco,Schultz,2:28,D,595.0,0.0,---,,1962 NYM,1,119,112
348,160,Saturday Sep 29,boxscore,NYM,@,CHC,W,2,1,,40-119,10,60.0,Miller,Ellsworth,,2:10,D,2870.0,0.0,+,,1962 NYM,0,119,112
349,161,Sunday Sep 30,boxscore,NYM,@,CHC,L,1,5,,40-120,10,60.0,Buhl,Hunter,,2:16,D,3960.0,0.0,-,,1962 NYM,1,120,113
